{
	"cmsmasters_logo_type": "image",
	"cmsmasters_slider_arrows_visibility": "always",
	"cmsmasters_slider_arrows_prev_icon": {
		"value": "fas fa-chevron-left",
		"library": "fa-solid"
	},
	"cmsmasters_slider_arrows_next_icon": {
		"value": "fas fa-chevron-right",
		"library": "fa-solid"
	},
	"cmsmasters_slider_arrows_prev_icon_position": "before",
	"cmsmasters_slider_arrows_next_icon_position": "after",
	"cmsmasters_slider_arrows_text_direction": "horizontal",
	"cmsmasters_slider_arrows_container_alignment_position": "horizontal",
	"cmsmasters_slider_bullets_type": "normal",
	"cmsmasters_header_top_visibility": "yes",
	"cmsmasters_header_top_elements": [ "nav" ],
	"cmsmasters_header_top_info_icon_position": "before",
	"cmsmasters_header_top_nav_burger_container_alignment": "wide",
	"cmsmasters_header_mid_type": "wide",
	"cmsmasters_header_mid_content_element": "nav",
	"cmsmasters_header_mid_add_content_elements": [],
	"cmsmasters_header_mid_info_icon_position": "before",
	"cmsmasters_header_mid_nav_burger_container_alignment": "wide",
	"cmsmasters_header_mid_button_icon_position": "before",
	"cmsmasters_header_bot_visibility": "yes",
	"cmsmasters_header_bot_type": "wide",
	"cmsmasters_header_bot_add_content_elements": [],
	"cmsmasters_header_bot_nav_burger_container_alignment": "wide",
	"cmsmasters_header_bot_button_icon_position": "before",
	"cmsmasters_breadcrumbs_visibility": "yes",
	"cmsmasters_breadcrumbs_type": "in_title",
	"cmsmasters_breadcrumbs_position": "below_title",
	"cmsmasters_breadcrumbs_resp_visibility": "show",
	"cmsmasters_main_layout": "r-sidebar",
	"cmsmasters_archive_layout": "r-sidebar",
	"cmsmasters_archive_type": "compact",
	"cmsmasters_archive_large_elements": [ "media", "title", "meta_first", "content", "meta_second", "more" ],
	"cmsmasters_archive_grid_style": "masonry",
	"cmsmasters_archive_grid_elements": [ "media", "title", "meta_first", "content", "meta_second", "more" ],
	"cmsmasters_archive_compact_media_visibility": "yes",
	"cmsmasters_archive_compact_media_position": "left",
	"cmsmasters_archive_compact_elements": [ "meta_first", "title", "content", "meta_second" ],
	"cmsmasters_archive_media_image_size": "large",
	"cmsmasters_archive_media_gallery_image_size": "large",
	"cmsmasters_archive_media_slider_autoplay": "no",
	"cmsmasters_archive_media_slider_autoplay_speed": 5000,
	"cmsmasters_archive_media_slider_animation_speed": 500,
	"cmsmasters_archive_media_slider_pause_on_hover": "yes",
	"cmsmasters_archive_media_slider_autoplay_reverse": "no",
	"cmsmasters_archive_media_slider_infinite": "yes",
	"cmsmasters_archive_media_slider_mousewheel": "no",
	"cmsmasters_archive_media_slider_free_mode": "no",
	"cmsmasters_archive_media_slider_arrows": "yes",
	"cmsmasters_archive_media_slider_navigation": "bullets",
	"cmsmasters_archive_meta_first_elements": [ "categories" ],
	"cmsmasters_archive_meta_second_elements": [ "author", "date", "tags" ],
	"cmsmasters_archive_content_excerpt_length": 20,
	"cmsmasters_archive_more_icon_position": "after",
	"cmsmasters_search_layout": "r-sidebar",
	"cmsmasters_search_type": "compact",
	"cmsmasters_search_large_elements": [ "media", "title", "meta_first", "content", "meta_second", "more" ],
	"cmsmasters_search_grid_style": "masonry",
	"cmsmasters_search_grid_elements": [ "media", "title", "meta_first", "content", "meta_second", "more" ],
	"cmsmasters_search_compact_media_position": "left",
	"cmsmasters_search_compact_elements": [ "meta_first", "title", "content", "meta_second" ],
	"cmsmasters_search_media_image_size": "large",
	"cmsmasters_search_media_gallery_image_size": "large",
	"cmsmasters_search_media_slider_autoplay": "no",
	"cmsmasters_search_media_slider_autoplay_speed": 5000,
	"cmsmasters_search_media_slider_animation_speed": 500,
	"cmsmasters_search_media_slider_pause_on_hover": "yes",
	"cmsmasters_search_media_slider_autoplay_reverse": "no",
	"cmsmasters_search_media_slider_infinite": "yes",
	"cmsmasters_search_media_slider_mousewheel": "no",
	"cmsmasters_search_media_slider_free_mode": "no",
	"cmsmasters_search_media_slider_arrows": "yes",
	"cmsmasters_search_media_slider_navigation": "bullets",
	"cmsmasters_search_meta_first_elements": [ "categories" ],
	"cmsmasters_search_meta_second_elements": [ "author", "date", "tags" ],
	"cmsmasters_search_content_excerpt_length": 20,
	"cmsmasters_search_more_icon_position": "after",
	"cmsmasters_single_layout": "r-sidebar",
	"cmsmasters_single_elements": [ "meta_first", "title", "meta_second", "media", "content" ],
	"cmsmasters_single_heading_visibility": "no",
	"cmsmasters_single_blocks": [ "nav", "author" ],
	"cmsmasters_single_media_image_size": "cmsmasters-thumb-single",
	"cmsmasters_single_media_gallery_image_size": "cmsmasters-thumb-single",
	"cmsmasters_single_media_slider_autoplay": "no",
	"cmsmasters_single_media_slider_autoplay_speed": 5000,
	"cmsmasters_single_media_slider_animation_speed": 500,
	"cmsmasters_single_media_slider_pause_on_hover": "yes",
	"cmsmasters_single_media_slider_autoplay_reverse": "no",
	"cmsmasters_single_media_slider_infinite": "yes",
	"cmsmasters_single_media_slider_mousewheel": "no",
	"cmsmasters_single_media_slider_free_mode": "no",
	"cmsmasters_single_media_slider_arrows": "yes",
	"cmsmasters_single_media_slider_navigation": "bullets",
	"cmsmasters_single_meta_first_elements": [ "categories" ],
	"cmsmasters_single_meta_second_elements": [ "date", "author", "tags" ],
	"cmsmasters_single_nav_tax": "none",
	"cmsmasters_single_more_posts_order": "recent",
	"cmsmasters_single_more_posts_image_size": "cmsmasters-thumb-more-posts",
	"cmsmasters_single_more_posts_count": 8,
	"cmsmasters_single_more_posts_slider_slides_per_view": 4,
	"cmsmasters_single_more_posts_slider_slides_per_view_tablet": 2,
	"cmsmasters_single_more_posts_slider_slides_per_view_mobile": 1,
	"cmsmasters_single_more_posts_slider_slides_to_scroll": 1,
	"cmsmasters_single_more_posts_slider_slides_to_scroll_tablet": 1,
	"cmsmasters_single_more_posts_slider_slides_to_scroll_mobile": 1,
	"cmsmasters_single_more_posts_slider_space_between": 30,
	"cmsmasters_single_more_posts_slider_space_between_tablet": 30,
	"cmsmasters_single_more_posts_slider_space_between_mobile": 15,
	"cmsmasters_single_more_posts_slider_autoplay": "no",
	"cmsmasters_single_more_posts_slider_autoplay_speed": 5000,
	"cmsmasters_single_more_posts_slider_animation_speed": 500,
	"cmsmasters_single_more_posts_slider_pause_on_hover": "yes",
	"cmsmasters_single_more_posts_slider_autoplay_reverse": "no",
	"cmsmasters_single_more_posts_slider_infinite": "yes",
	"cmsmasters_single_more_posts_slider_mousewheel": "no",
	"cmsmasters_single_more_posts_slider_centered_slides": "no",
	"cmsmasters_single_more_posts_slider_free_mode": "no",
	"cmsmasters_single_more_posts_slider_arrows": "no",
	"cmsmasters_single_more_posts_slider_navigation": "none",
	"cmsmasters_footer_widgets_visibility": "show",
	"cmsmasters_footer_widgets_columns": "4",
	"cmsmasters_footer_widgets_layout_2": "1212",
	"cmsmasters_footer_widgets_layout_3": "131313",
	"cmsmasters_footer_widgets_layout_4": "14141414",
	"cmsmasters_footer_widgets_tablet_layout_from_2": "2",
	"cmsmasters_footer_widgets_tablet_layout_from_3": "3",
	"cmsmasters_footer_widgets_tablet_layout_from_4": "2",
	"cmsmasters_footer_widgets_tablet_layout_from_5": "3",
	"cmsmasters_footer_widgets_tablet_columns_reverse": "no",
	"cmsmasters_footer_widgets_tablet_hide_1": "no",
	"cmsmasters_footer_widgets_tablet_hide_2": "no",
	"cmsmasters_footer_widgets_tablet_hide_3": "no",
	"cmsmasters_footer_widgets_tablet_hide_4": "no",
	"cmsmasters_footer_widgets_tablet_hide_5": "no",
	"cmsmasters_footer_widgets_mobile_columns_reverse": "no",
	"cmsmasters_footer_widgets_mobile_hide_1": "no",
	"cmsmasters_footer_widgets_mobile_hide_2": "no",
	"cmsmasters_footer_widgets_mobile_hide_3": "no",
	"cmsmasters_footer_widgets_mobile_hide_4": "no",
	"cmsmasters_footer_widgets_mobile_hide_5": "no",
	"cmsmasters_footer_type": "horizontal",
	"cmsmasters_footer_elements": [ "copyright", "nav" ]
}