{"system_colors":[{"_id":"primary","title":"Primary","color":"#DC1414"},{"_id":"secondary","title":"Secondary","color":"#191B22"},{"_id":"text","title":"Text","color":"#84858A"},{"_id":"accent","title":"Accent","color":"#AE1818"},{"_id":"tertiary","title":"Alternate Accent","color":"#AAABB0"},{"_id":"background","title":"Background","color":"#ffffff"},{"_id":"alternate","title":"Alternate Background","color":"#F5F5F5"},{"_id":"border","title":"Border","color":"#CED0D6"}],"custom_colors":[],"system_typography":[{"_id":"primary","title":"Primary","typography_typography":"custom","typography_font_family":"Inter Local","typography_font_weight":"500"},{"_id":"secondary","title":"Secondary","typography_typography":"custom","typography_font_family":"Inter Local","typography_font_weight":"400"},{"_id":"text","title":"Text","typography_typography":"custom","typography_font_family":"Inter Local","typography_font_weight":"400","typography_text_transform":"none","typography_font_style":"normal","typography_text_decoration":"none","typography_font_size":{"unit":"px","size":17,"sizes":[]},"typography_line_height":{"unit":"em","size":1.65,"sizes":[]},"typography_font_size_tablet":{"unit":"px","size":16,"sizes":[]},"typography_font_size_mobile":{"unit":"px","size":15,"sizes":[]},"typography_letter_spacing":{"unit":"px","size":0,"sizes":[]}},{"_id":"accent","title":"Accent","typography_typography":"custom","typography_font_family":"Inter Local","typography_font_weight":"400","typography_text_transform":"none","typography_font_style":"normal","typography_text_decoration":"none","typography_font_size":{"unit":"px","size":15,"sizes":[]},"typography_line_height":{"unit":"em","size":1.6,"sizes":[]},"typography_font_size_tablet":{"unit":"px","size":14,"sizes":[]},"typography_letter_spacing":{"unit":"px","size":0,"sizes":[]}},{"_id":"tertiary","title":"Alternate Accent","typography_typography":"custom","typography_font_family":"Inter Local","typography_font_weight":"400","typography_text_transform":"none","typography_font_style":"normal","typography_text_decoration":"none","typography_font_size":{"unit":"px","size":15,"sizes":[]},"typography_line_height":{"unit":"em","size":1.6,"sizes":[]},"typography_font_size_tablet":{"unit":"px","size":14,"sizes":[]},"typography_letter_spacing":{"unit":"px","size":0,"sizes":[]}},{"_id":"meta","title":"Meta","typography_typography":"custom","typography_font_family":"Inter Local","typography_font_weight":"400","typography_text_transform":"none","typography_font_style":"normal","typography_text_decoration":"none","typography_font_size":{"unit":"px","size":14,"sizes":[]},"typography_line_height":{"unit":"em","size":1.6,"sizes":[]},"typography_letter_spacing":{"unit":"px","size":0,"sizes":[]}},{"_id":"taxonomy","title":"Alternate Meta","typography_typography":"custom","typography_font_family":"Inter Local","typography_font_weight":"500","typography_text_transform":"uppercase","typography_font_style":"normal","typography_text_decoration":"none","typography_font_size":{"unit":"px","size":14,"sizes":[]},"typography_line_height":{"unit":"em","size":1.6,"sizes":[]},"typography_font_size_tablet":{"unit":"px","size":13,"sizes":[]},"typography_font_size_mobile":{"unit":"px","size":12,"sizes":[]},"typography_letter_spacing":{"unit":"px","size":1,"sizes":[]}},{"_id":"small","title":"Small","typography_typography":"custom","typography_font_family":"Inter Local","typography_font_weight":"400","typography_text_transform":"none","typography_font_style":"normal","typography_text_decoration":"none","typography_font_size":{"unit":"px","size":14,"sizes":[]},"typography_line_height":{"unit":"em","size":1.6,"sizes":[]},"typography_font_size_tablet":{"unit":"px","size":13,"sizes":[]},"typography_letter_spacing":{"unit":"px","size":0,"sizes":[]}},{"_id":"h1","title":"H1","typography_typography":"custom","typography_font_family":"Inter Local","typography_font_weight":"500","typography_text_transform":"none","typography_font_style":"normal","typography_text_decoration":"none","typography_font_size":{"unit":"px","size":56,"sizes":[]},"typography_line_height":{"unit":"em","size":1.15,"sizes":[]},"typography_letter_spacing":{"unit":"px","size":-1,"sizes":[]},"typography_font_size_tablet":{"unit":"px","size":38,"sizes":[]},"typography_font_size_mobile":{"unit":"px","size":26,"sizes":[]}},{"_id":"h2","title":"H2","typography_typography":"custom","typography_font_family":"Inter Local","typography_font_weight":"500","typography_text_transform":"none","typography_font_style":"normal","typography_text_decoration":"none","typography_font_size":{"unit":"px","size":44,"sizes":[]},"typography_line_height":{"unit":"em","size":1.2,"sizes":[]},"typography_letter_spacing":{"unit":"px","size":-1,"sizes":[]},"typography_font_size_tablet":{"unit":"px","size":32,"sizes":[]},"typography_font_size_mobile":{"unit":"px","size":22,"sizes":[]}},{"_id":"h3","title":"H3","typography_typography":"custom","typography_font_family":"Inter Local","typography_font_weight":"500","typography_text_transform":"none","typography_font_style":"normal","typography_text_decoration":"none","typography_font_size":{"unit":"px","size":35,"sizes":[]},"typography_line_height":{"unit":"em","size":1.25,"sizes":[]},"typography_letter_spacing":{"unit":"px","size":-1,"sizes":[]},"typography_font_size_tablet":{"unit":"px","size":28,"sizes":[]},"typography_font_size_mobile":{"unit":"px","size":20,"sizes":[]}},{"_id":"h4","title":"H4","typography_typography":"custom","typography_font_family":"Inter Local","typography_font_weight":"400","typography_text_transform":"none","typography_font_style":"normal","typography_text_decoration":"none","typography_font_size":{"unit":"px","size":28,"sizes":[]},"typography_line_height":{"unit":"em","size":1.3,"sizes":[]},"typography_letter_spacing":{"unit":"px","size":-1,"sizes":[]},"typography_font_size_tablet":{"unit":"px","size":24,"sizes":[]},"typography_font_size_mobile":{"unit":"px","size":18,"sizes":[]}},{"_id":"h5","title":"H5","typography_typography":"custom","typography_font_family":"Inter Local","typography_font_weight":"400","typography_text_transform":"none","typography_font_style":"normal","typography_text_decoration":"none","typography_font_size":{"unit":"px","size":22,"sizes":[]},"typography_line_height":{"unit":"em","size":1.3,"sizes":[]},"typography_font_size_tablet":{"unit":"px","size":19,"sizes":[]},"typography_font_size_mobile":{"unit":"px","size":16,"sizes":[]},"typography_letter_spacing":{"unit":"px","size":0,"sizes":[]}},{"_id":"h6","title":"H6","typography_typography":"custom","typography_font_family":"Inter Local","typography_font_weight":"400","typography_text_transform":"none","typography_font_style":"normal","typography_text_decoration":"none","typography_font_size":{"unit":"px","size":18,"sizes":[]},"typography_line_height":{"unit":"em","size":1.35,"sizes":[]},"typography_font_size_tablet":{"unit":"px","size":16,"sizes":[]},"typography_font_size_mobile":{"unit":"px","size":14,"sizes":[]},"typography_letter_spacing":{"unit":"px","size":0,"sizes":[]}},{"_id":"button","title":"Button","typography_typography":"custom","typography_font_family":"Inter Local","typography_font_weight":"500","typography_text_transform":"none","typography_font_style":"normal","typography_text_decoration":"none","typography_font_size":{"unit":"px","size":16,"sizes":[]},"typography_line_height":{"unit":"em","size":1.4,"sizes":[]},"typography_font_size_tablet":{"unit":"px","size":15,"sizes":[]},"typography_font_size_mobile":{"unit":"px","size":14,"sizes":[]},"typography_letter_spacing":{"unit":"px","size":0,"sizes":[]}},{"_id":"blockquote","title":"Blockquote","typography_typography":"custom","typography_font_family":"Inter Local","typography_font_weight":"400","typography_text_transform":"none","typography_font_style":"italic","typography_text_decoration":"none","typography_font_size":{"unit":"px","size":24,"sizes":[]},"typography_line_height":{"unit":"em","size":1.5,"sizes":[]},"typography_font_size_tablet":{"unit":"px","size":20,"sizes":[]},"typography_font_size_mobile":{"unit":"px","size":18,"sizes":[]},"typography_letter_spacing":{"unit":"px","size":0,"sizes":[]}}],"custom_typography":[{"_id":"cb52d2c","title":"Excerpt","typography_typography":"custom","typography_font_family":"Inter Local","typography_font_size":{"unit":"px","size":19,"sizes":[]},"typography_font_weight":"400","typography_text_transform":"none","typography_font_style":"normal","typography_text_decoration":"none","typography_line_height":{"unit":"em","size":1.6,"sizes":[]},"typography_font_size_tablet":{"unit":"px","size":18,"sizes":[]},"typography_font_size_mobile":{"unit":"px","size":16,"sizes":[]},"typography_letter_spacing":{"unit":"px","size":0,"sizes":[]}}],"default_generic_fonts":"Sans-serif","page_title_selector":"h1.entry-title","cmsmasters_header_top_info_items":[{"_id":"34cde1a","text":"For private customers","link":{"url":"#","is_external":"","nofollow":"","custom_attributes":""}},{"_id":"6fbb4ce","text":"For businesses","link":{"url":"#","is_external":"","nofollow":"","custom_attributes":""}},{"_id":"7c94140","text":"Corporate clients","link":{"url":"#","is_external":"","nofollow":"","custom_attributes":""}}],"cmsmasters_header_top_social_items":[],"cmsmasters_header_mid_info_items":[],"cmsmasters_header_mid_social_items":[],"cmsmasters_header_bot_social_items":[],"cmsmasters_archive_grid_columns":"","cmsmasters_search_grid_columns":"","cmsmasters_footer_social_items":[],"cmsmasters_footer_info_items":[],"activeItemIndex":1,"viewport_md":768,"viewport_lg":1025,"container_width":{"unit":"px","size":1220,"sizes":[]},"cmsmasters_global_content_width":{"unit":"px","size":1240,"sizes":[]},"cmsmasters_global_content_padding":{"unit":"px","top":0,"right":"30","bottom":0,"left":"30","isLinked":true},"cmsmasters_main_content_sidebar_width":{"unit":"px","size":65,"sizes":[]},"cmsmasters_main_sidebar_gap":{"unit":"%","size":8,"sizes":[]},"cmsmasters_main_content_toggle":"yes","cmsmasters_main_content_width":{"unit":"px","size":1240,"sizes":[]},"cmsmasters_main_content_padding":{"unit":"px","top":"100","right":"30","bottom":"100","left":"30","isLinked":false},"cmsmasters_global_content_padding_mobile":{"unit":"px","top":0,"right":"20","bottom":0,"left":"20","isLinked":true},"cmsmasters_main_content_padding_mobile":{"unit":"px","top":"50","right":"20","bottom":"80","left":"20","isLinked":false},"cmsmasters_logo_image":{"url":"https:\/\/theme-dev.cmsmasters.net\/bank-18\/wp-content\/uploads\/sites\/21\/2021\/11\/logo.svg","id":8954,"alt":"","source":"library"},"cmsmasters_button_normal_bd_radius":{"unit":"px","top":"0","right":"0","bottom":"0","left":"0","isLinked":true},"cmsmasters_button_hover_colors_bg":"#02010100","cmsmasters_button_normal_border_border":"solid","cmsmasters_button_normal_border_width":{"unit":"px","top":"1","right":"1","bottom":"1","left":"1","isLinked":true},"cmsmasters_button_padding":{"unit":"px","top":"16","right":"35","bottom":"16","left":"35","isLinked":false},"cmsmasters_blockquote_colors_bg":"#02010100","cmsmasters_blockquote_border_border":"solid","cmsmasters_blockquote_border_width":{"unit":"px","top":"0","right":"0","bottom":"0","left":"4","isLinked":false},"cmsmasters_blockquote_padding":{"unit":"px","top":"20","right":"50","bottom":"20","left":"50","isLinked":false},"cmsmasters_blockquote_cite_gap":{"unit":"px","size":30,"sizes":[]},"cmsmasters_input_normal_border_border":"solid","cmsmasters_input_normal_border_width":{"unit":"px","top":"1","right":"1","bottom":"1","left":"1","isLinked":true},"cmsmasters_input_padding":{"unit":"px","top":"14","right":"15","bottom":"14","left":"15","isLinked":false},"cmsmasters_blockquote_padding_tablet":{"unit":"px","top":"20","right":"40","bottom":"20","left":"40","isLinked":false},"cmsmasters_blockquote_padding_mobile":{"unit":"px","top":"20","right":"20","bottom":"20","left":"20","isLinked":true},"__globals__":{"cmsmasters_button_normal_colors_bg":"globals\/colors?id=primary","cmsmasters_button_normal_colors_color":"globals\/colors?id=background","cmsmasters_button_normal_colors_bd":"globals\/colors?id=primary","cmsmasters_button_hover_colors_color":"globals\/colors?id=secondary","cmsmasters_button_hover_colors_bd":"globals\/colors?id=secondary","cmsmasters_blockquote_colors_text":"globals\/colors?id=secondary","cmsmasters_blockquote_colors_bd":"globals\/colors?id=primary","cmsmasters_blockquote_cite_typography_typography":"globals\/typography?id=taxonomy","cmsmasters_blockquote_cite_color":"globals\/colors?id=primary","cmsmasters_input_typography_typography":"globals\/typography?id=text","cmsmasters_input_normal_colors_bg":"globals\/colors?id=background","cmsmasters_input_normal_colors_color":"globals\/colors?id=secondary","cmsmasters_input_normal_colors_bd":"globals\/colors?id=border","cmsmasters_input_placeholder_color":"globals\/colors?id=tertiary","cmsmasters_input_label_typography_typography":"globals\/typography?id=text","cmsmasters_input_label_color":"globals\/colors?id=secondary","cmsmasters_pullquote_colors_text":"globals\/colors?id=secondary","cmsmasters_pullquote_colors_bd":"globals\/colors?id=border","cmsmasters_pullquote_cite_typography_typography":"globals\/typography?id=taxonomy","cmsmasters_pullquote_cite_color":"globals\/colors?id=primary","cmsmasters_input_focus_colors_bd":"globals\/colors?id=primary","cmsmasters_table_typography_typography":"globals\/typography?id=text","cmsmasters_table_colors_text":"globals\/colors?id=text","cmsmasters_table_colors_bd":"globals\/colors?id=border","cmsmasters_table_thead_typography_typography":"globals\/typography?id=h6","cmsmasters_table_thead_colors_text":"globals\/colors?id=background","cmsmasters_table_thead_colors_bg":"globals\/colors?id=accent","cmsmasters_table_tfoot_typography_typography":"globals\/typography?id=h6","cmsmasters_table_tfoot_colors_text":"globals\/colors?id=secondary","cmsmasters_table_tfoot_colors_bg":"globals\/colors?id=alternate","cmsmasters_table_tfoot_colors_bd":"globals\/colors?id=border","cmsmasters_header_top_container_border_color":"globals\/colors?id=border","cmsmasters_header_top_info_typography_typography":"globals\/typography?id=small","cmsmasters_header_top_info_colors_text":"globals\/colors?id=text","cmsmasters_header_top_info_colors_link":"globals\/colors?id=text","cmsmasters_header_top_info_colors_hover":"globals\/colors?id=primary","cmsmasters_header_top_content_border_color":"globals\/colors?id=border","cmsmasters_header_mid_button_normal_colors_bd":"globals\/colors?id=secondary","cmsmasters_header_mid_button_normal_colors_bg":"globals\/colors?id=background","cmsmasters_header_mid_button_normal_colors_color":"globals\/colors?id=secondary","cmsmasters_header_mid_button_hover_colors_bg":"globals\/colors?id=primary","cmsmasters_header_mid_button_hover_colors_color":"globals\/colors?id=background","cmsmasters_header_mid_button_hover_colors_bd":"globals\/colors?id=primary","cmsmasters_header_mid_search_button_normal_colors_color":"globals\/colors?id=secondary","cmsmasters_header_mid_search_button_hover_colors_color":"globals\/colors?id=primary","cmsmasters_header_mid_container_border_color":"globals\/colors?id=border","cmsmasters_header_mid_nav_title_item_typography_typography":"globals\/typography?id=accent","cmsmasters_header_mid_nav_title_item_normal_colors_color":"globals\/colors?id=secondary","cmsmasters_header_mid_nav_title_item_hover_colors_color":"globals\/colors?id=primary","cmsmasters_header_mid_nav_title_item_current_colors_color":"globals\/colors?id=primary","cmsmasters_header_mid_nav_dropdown_container_background_color":"globals\/colors?id=alternate","cmsmasters_footer_widgets_title_typography_typography":"globals\/typography?id=taxonomy","cmsmasters_footer_widgets_title_colors_color":"","cmsmasters_footer_widgets_title_colors_link":"globals\/colors?id=background","cmsmasters_footer_widgets_title_colors_hover":"globals\/colors?id=primary","cmsmasters_footer_widgets_title_box_bg_color":"","cmsmasters_footer_widgets_container_background_color":"globals\/colors?id=secondary","cmsmasters_footer_copyright_typography_typography":"globals\/typography?id=small","cmsmasters_footer_copyright_color":"","cmsmasters_footer_container_background_color":"globals\/colors?id=secondary","cmsmasters_header_mid_nav_dropdown_item_normal_colors_bg":"","cmsmasters_header_top_toggle_normal_colors_bg":"","cmsmasters_heading_title_color":"globals\/colors?id=background","cmsmasters_heading_title_typography_typography":"globals\/typography?id=h1","cmsmasters_single_title_typography_typography":"globals\/typography?id=h1","cmsmasters_single_title_color":"globals\/colors?id=secondary","cmsmasters_single_meta_first_typography_typography":"globals\/typography?id=taxonomy","cmsmasters_single_meta_first_colors_link":"globals\/colors?id=primary","cmsmasters_single_meta_first_colors_hover":"globals\/colors?id=tertiary","cmsmasters_single_meta_first_colors_text":"globals\/colors?id=tertiary","cmsmasters_single_meta_second_colors_text":"globals\/colors?id=text","cmsmasters_single_meta_second_colors_link":"globals\/colors?id=primary","cmsmasters_single_meta_second_typography_typography":"globals\/typography?id=meta","cmsmasters_single_meta_second_colors_hover":"globals\/colors?id=text","cmsmasters_archive_title_typography_typography":"globals\/typography?id=h4","cmsmasters_archive_title_color":"globals\/colors?id=secondary","cmsmasters_archive_title_hover":"globals\/colors?id=tertiary","cmsmasters_archive_content_typography_typography":"globals\/typography?id=text","cmsmasters_archive_content_color":"globals\/colors?id=text","cmsmasters_archive_meta_first_typography_typography":"globals\/typography?id=meta","cmsmasters_archive_meta_first_colors_text":"globals\/colors?id=text","cmsmasters_archive_meta_first_colors_link":"globals\/colors?id=primary","cmsmasters_archive_meta_first_colors_hover":"globals\/colors?id=text"},"cmsmasters_pullquote_border_border":"solid","cmsmasters_pullquote_border_width":{"unit":"px","top":"1","right":"0","bottom":"1","left":"0","isLinked":false},"cmsmasters_pullquote_padding":{"unit":"px","top":"50","right":"0","bottom":"50","left":"0","isLinked":false},"cmsmasters_pullquote_cite_gap":{"unit":"px","size":30,"sizes":[]},"cmsmasters_pullquote_padding_tablet":{"unit":"px","top":"40","right":"0","bottom":"40","left":"0","isLinked":false},"cmsmasters_pullquote_padding_mobile":{"unit":"px","top":"30","right":"0","bottom":"30","left":"0","isLinked":false},"cmsmasters_table_padding":{"unit":"px","top":"20","right":"30","bottom":"20","left":"30","isLinked":false},"cmsmasters_table_thead_colors_bd":"#02010100","cmsmasters_main_layout":"fullwidth","cmsmasters_archive_compact_media_width_mobile":{"unit":"px","size":100,"sizes":[]},"cmsmasters_header_top_height":{"unit":"px","size":40,"sizes":[]},"cmsmasters_header_top_elements":["info","nav"],"cmsmasters_header_top_z_index":9999,"cmsmasters_header_top_container_width":{"unit":"px","size":1180,"sizes":[]},"cmsmasters_header_top_container_border_border":"solid","cmsmasters_header_top_container_border_width":{"unit":"px","top":"0","right":"0","bottom":"1","left":"0","isLinked":false},"cmsmasters_header_top_content_toggle":"yes","cmsmasters_header_top_content_width":{"unit":"px","size":1180,"sizes":[]},"cmsmasters_header_top_content_padding":{"unit":"px","top":"0","right":"0","bottom":"7","left":"0","isLinked":false},"cmsmasters_header_top_content_border_border":"solid","cmsmasters_header_top_content_border_width":{"unit":"px","top":"0","right":"0","bottom":"1","left":"0","isLinked":false},"cmsmasters_header_top_info_items_gap":{"unit":"px","size":30,"sizes":[]},"cmsmasters_header_top_info_icon_size":{"unit":"px","size":0,"sizes":[]},"cmsmasters_header_mid_height":{"unit":"px","size":108,"sizes":[]},"cmsmasters_header_mid_content_element_gap":{"unit":"px","size":140,"sizes":[]},"cmsmasters_header_mid_add_content_elements":["search_button","button"],"cmsmasters_header_mid_z_index":9999,"cmsmasters_header_mid_container_toggle":"yes","cmsmasters_header_mid_container_width":{"unit":"%","size":100,"sizes":[]},"cmsmasters_header_mid_container_border_border":"solid","cmsmasters_header_mid_container_border_width":{"unit":"px","top":"0","right":"0","bottom":"1","left":"0","isLinked":false},"cmsmasters_header_mid_button_text":"Online Banking","cmsmasters_header_mid_button_link":{"url":"https:\/\/theme-dev.cmsmasters.net\/bank-18\/contacts\/","is_external":"","nofollow":"","custom_attributes":""},"cmsmasters_header_mid_button_normal_border_border":"solid","cmsmasters_header_mid_button_normal_border_width":{"unit":"px","top":"1","right":"1","bottom":"1","left":"1","isLinked":true},"cmsmasters_header_mid_button_padding":{"unit":"px","top":"12","right":"25","bottom":"12","left":"25","isLinked":false},"cmsmasters_header_mid_button_icon_toggle":"yes","cmsmasters_header_mid_button_icon":{"value":"cmsmsdemo-icon- cmsms-demo-icon-log-in","library":"cmsmasters-demo-icons"},"cmsmasters_header_mid_button_icon_size":{"unit":"px","size":18,"sizes":[]},"cmsmasters_header_mid_button_icon_gap":{"unit":"px","size":10,"sizes":[]},"cmsmasters_header_mid_search_button_icon":{"value":"cmsmsdemo-icon- cmsms-demo-icon-search1","library":"cmsmasters-demo-icons"},"cmsmasters_header_mid_search_button_icon_size":{"unit":"px","size":18,"sizes":[]},"cmsmasters_header_mid_nav_dropdown_container_width":{"unit":"px","size":200,"sizes":[]},"cmsmasters_header_mid_nav_dropdown_container_background_background":"classic","cmsmasters_header_mid_nav_dropdown_container_border_border":"none","cmsmasters_header_mid_nav_dropdown_container_padding":{"unit":"px","top":"15","right":0,"bottom":"15","left":0,"isLinked":false},"cmsmasters_header_mid_nav_dropdown_container_vert_gap":{"unit":"px","size":25,"sizes":[]},"cmsmasters_header_mid_nav_dropdown_item_padding":{"unit":"px","top":"10","right":"30","bottom":"10","left":"30","isLinked":false},"cmsmasters_header_mid_content_element_gap_mobile":{"unit":"px","size":30,"sizes":[]},"cmsmasters_button_normal_colors_bg":"#DC1414","cmsmasters_button_normal_colors_color":"#ffffff","cmsmasters_button_normal_colors_bd":"#DC1414","cmsmasters_button_hover_colors_color":"#191B22","cmsmasters_button_hover_colors_bd":"#191B22","cmsmasters_blockquote_colors_text":"#191B22","cmsmasters_blockquote_colors_bd":"#DC1414","cmsmasters_blockquote_cite_typography_typography":"custom","cmsmasters_blockquote_cite_typography_font_family":"Inter Local","cmsmasters_blockquote_cite_typography_font_size":{"unit":"px","size":14,"sizes":[]},"cmsmasters_blockquote_cite_typography_font_weight":"500","cmsmasters_blockquote_cite_typography_text_transform":"uppercase","cmsmasters_blockquote_cite_typography_font_style":"normal","cmsmasters_blockquote_cite_typography_text_decoration":"none","cmsmasters_blockquote_cite_typography_line_height":{"unit":"em","size":1.6,"sizes":[]},"cmsmasters_blockquote_cite_typography_letter_spacing":{"unit":"px","size":0,"sizes":[]},"cmsmasters_blockquote_cite_color":"#DC1414","cmsmasters_input_typography_typography":"custom","cmsmasters_input_typography_font_family":"Inter Local","cmsmasters_input_typography_font_size":{"unit":"px","size":17,"sizes":[]},"cmsmasters_input_typography_font_weight":"400","cmsmasters_input_typography_text_transform":"none","cmsmasters_input_typography_font_style":"normal","cmsmasters_input_typography_text_decoration":"none","cmsmasters_input_typography_line_height":{"unit":"em","size":1.65,"sizes":[]},"cmsmasters_input_typography_letter_spacing":{"unit":"px","size":0,"sizes":[]},"cmsmasters_input_normal_colors_bg":"#ffffff","cmsmasters_input_normal_colors_color":"#191B22","cmsmasters_input_normal_colors_bd":"#CED0D6","cmsmasters_input_focus_colors_bd":"#DC1414","cmsmasters_input_placeholder_color":"#AAABB0","cmsmasters_input_label_typography_typography":"custom","cmsmasters_input_label_typography_font_family":"Inter Local","cmsmasters_input_label_typography_font_size":{"unit":"px","size":17,"sizes":[]},"cmsmasters_input_label_typography_font_weight":"400","cmsmasters_input_label_typography_text_transform":"none","cmsmasters_input_label_typography_font_style":"normal","cmsmasters_input_label_typography_text_decoration":"none","cmsmasters_input_label_typography_line_height":{"unit":"em","size":1.65,"sizes":[]},"cmsmasters_input_label_typography_letter_spacing":{"unit":"px","size":0,"sizes":[]},"cmsmasters_input_label_color":"#191B22","cmsmasters_table_typography_typography":"custom","cmsmasters_table_typography_font_family":"Inter Local","cmsmasters_table_typography_font_size":{"unit":"px","size":17,"sizes":[]},"cmsmasters_table_typography_font_weight":"400","cmsmasters_table_typography_text_transform":"none","cmsmasters_table_typography_font_style":"normal","cmsmasters_table_typography_text_decoration":"none","cmsmasters_table_typography_line_height":{"unit":"em","size":1.65,"sizes":[]},"cmsmasters_table_typography_letter_spacing":{"unit":"px","size":0,"sizes":[]},"cmsmasters_table_colors_text":"#84858A","cmsmasters_table_colors_bd":"#CED0D6","cmsmasters_table_thead_typography_typography":"custom","cmsmasters_table_thead_typography_font_family":"Inter Local","cmsmasters_table_thead_typography_font_size":{"unit":"px","size":18,"sizes":[]},"cmsmasters_table_thead_typography_font_weight":"400","cmsmasters_table_thead_typography_text_transform":"none","cmsmasters_table_thead_typography_font_style":"normal","cmsmasters_table_thead_typography_text_decoration":"none","cmsmasters_table_thead_typography_line_height":{"unit":"em","size":1.35,"sizes":[]},"cmsmasters_table_thead_typography_letter_spacing":{"unit":"px","size":0,"sizes":[]},"cmsmasters_table_thead_colors_text":"#ffffff","cmsmasters_table_thead_colors_bg":"#AE1818","cmsmasters_table_tfoot_typography_typography":"custom","cmsmasters_table_tfoot_typography_font_family":"Inter Local","cmsmasters_table_tfoot_typography_font_size":{"unit":"px","size":18,"sizes":[]},"cmsmasters_table_tfoot_typography_font_weight":"400","cmsmasters_table_tfoot_typography_text_transform":"none","cmsmasters_table_tfoot_typography_font_style":"normal","cmsmasters_table_tfoot_typography_text_decoration":"none","cmsmasters_table_tfoot_typography_line_height":{"unit":"em","size":1.35,"sizes":[]},"cmsmasters_table_tfoot_typography_letter_spacing":{"unit":"px","size":0,"sizes":[]},"cmsmasters_table_tfoot_colors_text":"#191B22","cmsmasters_table_tfoot_colors_bg":"#F5F5F5","cmsmasters_table_tfoot_colors_bd":"#CED0D6","cmsmasters_pullquote_colors_text":"#191B22","cmsmasters_pullquote_colors_bd":"#CED0D6","cmsmasters_pullquote_cite_typography_typography":"custom","cmsmasters_pullquote_cite_typography_font_family":"Inter Local","cmsmasters_pullquote_cite_typography_font_size":{"unit":"px","size":14,"sizes":[]},"cmsmasters_pullquote_cite_typography_font_weight":"500","cmsmasters_pullquote_cite_typography_text_transform":"uppercase","cmsmasters_pullquote_cite_typography_font_style":"normal","cmsmasters_pullquote_cite_typography_text_decoration":"none","cmsmasters_pullquote_cite_typography_line_height":{"unit":"em","size":1.6,"sizes":[]},"cmsmasters_pullquote_cite_typography_letter_spacing":{"unit":"px","size":0,"sizes":[]},"cmsmasters_pullquote_cite_color":"#DC1414","cmsmasters_footer_widgets_container_toggle":"yes","cmsmasters_footer_widgets_container_width":{"unit":"px","size":1180,"sizes":[]},"cmsmasters_footer_widgets_container_background_background":"classic","cmsmasters_footer_widgets_container_background_color":"#191B22","cmsmasters_footer_widgets_title_typography_typography":{"typography_typography":"custom","typography_font_family":"Inter Local","typography_font_weight":"500","typography_text_transform":"uppercase","typography_font_style":"normal","typography_text_decoration":"none","typography_font_size":{"unit":"px","size":14,"sizes":[]},"typography_line_height":{"unit":"em","size":1.6,"sizes":[]},"typography_font_size_tablet":{"unit":"px","size":13,"sizes":[]},"typography_font_size_mobile":{"unit":"px","size":12,"sizes":[]},"typography_letter_spacing":{"unit":"px","size":0,"sizes":[]}},"cmsmasters_footer_widgets_title_typography_font_family":"Inter Local","cmsmasters_footer_widgets_title_typography_font_size":{"unit":"px","size":14,"sizes":[]},"cmsmasters_footer_widgets_title_typography_font_weight":"500","cmsmasters_footer_widgets_title_typography_text_transform":"uppercase","cmsmasters_footer_widgets_title_typography_font_style":"normal","cmsmasters_footer_widgets_title_typography_text_decoration":"none","cmsmasters_footer_widgets_title_typography_line_height":{"unit":"em","size":1.6,"sizes":[]},"cmsmasters_footer_widgets_title_typography_letter_spacing":{"unit":"px","size":0,"sizes":[]},"cmsmasters_footer_widgets_title_colors_color":"#FFFFFF80","cmsmasters_footer_widgets_title_colors_link":"#ffffff","cmsmasters_footer_widgets_title_colors_hover":"#DC1414","cmsmasters_footer_alignment":"center","cmsmasters_footer_elements":["copyright"],"cmsmasters_footer_container_toggle":"yes","cmsmasters_footer_container_background_background":"classic","cmsmasters_footer_copyright_color":"#FFFFFFA6","cmsmasters_blockquote_cite_typography_font_size_tablet":{"unit":"px","size":13,"sizes":[]},"cmsmasters_blockquote_cite_typography_font_size_mobile":{"unit":"px","size":12,"sizes":[]},"cmsmasters_input_typography_font_size_tablet":{"unit":"px","size":16,"sizes":[]},"cmsmasters_input_typography_font_size_mobile":{"unit":"px","size":15,"sizes":[]},"cmsmasters_input_label_typography_font_size_tablet":{"unit":"px","size":16,"sizes":[]},"cmsmasters_input_label_typography_font_size_mobile":{"unit":"px","size":15,"sizes":[]},"cmsmasters_table_typography_font_size_tablet":{"unit":"px","size":16,"sizes":[]},"cmsmasters_table_typography_font_size_mobile":{"unit":"px","size":15,"sizes":[]},"cmsmasters_table_thead_typography_font_size_tablet":{"unit":"px","size":16,"sizes":[]},"cmsmasters_table_thead_typography_font_size_mobile":{"unit":"px","size":14,"sizes":[]},"cmsmasters_table_tfoot_typography_font_size_tablet":{"unit":"px","size":16,"sizes":[]},"cmsmasters_table_tfoot_typography_font_size_mobile":{"unit":"px","size":14,"sizes":[]},"cmsmasters_pullquote_cite_typography_font_size_tablet":{"unit":"px","size":13,"sizes":[]},"cmsmasters_pullquote_cite_typography_font_size_mobile":{"unit":"px","size":12,"sizes":[]},"cmsmasters_footer_widgets_title_typography_font_size_tablet":{"unit":"px","size":13,"sizes":[]},"cmsmasters_footer_widgets_title_typography_font_size_mobile":{"unit":"px","size":12,"sizes":[]},"cmsmasters_header_top_container_border_color":"#CED0D6","cmsmasters_header_top_info_typography_typography":"custom","cmsmasters_header_top_info_colors_text":"#84858A","cmsmasters_header_top_info_colors_link":"#84858A","cmsmasters_header_top_info_colors_hover":"#DC1414","cmsmasters_header_top_content_border_color":"#CED0D6","cmsmasters_header_mid_button_normal_colors_bd":"#191B22","cmsmasters_header_mid_button_normal_colors_bg":"#ffffff","cmsmasters_header_mid_button_normal_colors_color":"#191B22","cmsmasters_header_mid_button_hover_colors_bg":"#DC1414","cmsmasters_header_mid_button_hover_colors_color":"#ffffff","cmsmasters_header_mid_button_hover_colors_bd":"#DC1414","cmsmasters_header_mid_search_button_normal_colors_color":"#191B22","cmsmasters_header_mid_search_button_hover_colors_color":"#DC1414","cmsmasters_header_mid_container_border_color":"#CED0D6","cmsmasters_header_mid_nav_title_item_typography_typography":"custom","cmsmasters_header_mid_nav_title_item_normal_colors_color":"#191B22","cmsmasters_header_mid_nav_title_item_hover_colors_color":"#DC1414","cmsmasters_header_mid_nav_title_item_current_colors_color":"#DC1414","cmsmasters_header_mid_nav_dropdown_container_background_color":"#F5F5F5","cmsmasters_header_top_info_typography_font_family":"Inter Local","cmsmasters_header_top_info_typography_font_size":{"unit":"px","size":14,"sizes":[]},"cmsmasters_header_top_info_typography_font_weight":"400","cmsmasters_header_top_info_typography_text_transform":"none","cmsmasters_header_top_info_typography_font_style":"normal","cmsmasters_header_top_info_typography_text_decoration":"none","cmsmasters_header_top_info_typography_line_height":{"unit":"em","size":1.6,"sizes":[]},"cmsmasters_header_top_info_typography_letter_spacing":{"unit":"px","size":0,"sizes":[]},"cmsmasters_header_mid_nav_title_item_typography_font_family":"Inter Local","cmsmasters_header_mid_nav_title_item_typography_font_size":{"unit":"px","size":15,"sizes":[]},"cmsmasters_header_mid_nav_title_item_typography_font_weight":"400","cmsmasters_header_mid_nav_title_item_typography_text_transform":"none","cmsmasters_header_mid_nav_title_item_typography_font_style":"normal","cmsmasters_header_mid_nav_title_item_typography_text_decoration":"none","cmsmasters_header_mid_nav_title_item_typography_line_height":{"unit":"em","size":1.6,"sizes":[]},"cmsmasters_header_mid_nav_title_item_typography_letter_spacing":{"unit":"px","size":0,"sizes":[]},"cmsmasters_heading_alignment":"center","cmsmasters_heading_height":{"unit":"px","size":350,"sizes":[]},"cmsmasters_heading_container_toggle":"yes","cmsmasters_heading_container_background_background":"classic","cmsmasters_heading_container_background_image":{"url":"https:\/\/theme-dev.cmsmasters.net\/bank-18\/wp-content\/uploads\/sites\/21\/2021\/11\/headline.jpg","id":2856,"alt":"","source":"library"},"cmsmasters_breadcrumbs_visibility":"","cmsmasters_breadcrumbs_type":"new_row","cmsmasters_header_top_content_padding_tablet":{"unit":"px","top":"0","right":"30","bottom":"0","left":"30","isLinked":false},"cmsmasters_header_top_content_padding_mobile":{"unit":"px","top":"30","right":"30","bottom":"30","left":"30","isLinked":true},"cmsmasters_header_top_info_typography_font_size_tablet":{"unit":"px","size":13,"sizes":[]},"cmsmasters_header_mid_nav_title_item_typography_font_size_tablet":{"unit":"px","size":14,"sizes":[]},"cmsmasters_heading_container_background_position_mobile":"center center","cmsmasters_heading_container_background_repeat_mobile":"no-repeat","cmsmasters_heading_container_background_size_mobile":"auto","cmsmasters_footer_copyright_typography_typography":{"typography_typography":"custom","typography_font_family":"Inter Local","typography_font_weight":"400","typography_text_transform":"none","typography_font_style":"normal","typography_text_decoration":"none","typography_font_size":{"unit":"px","size":14,"sizes":[]},"typography_line_height":{"unit":"em","size":1.6,"sizes":[]},"typography_font_size_tablet":{"unit":"px","size":13,"sizes":[]},"typography_letter_spacing":{"unit":"px","size":0,"sizes":[]}},"cmsmasters_footer_container_background_color":"#191B22","cmsmasters_single_layout":"fullwidth","cmsmasters_single_blocks":["author","nav","more_posts"],"cmsmasters_single_media_image_size":"full","cmsmasters_single_media_image_custom_dimension":{"width":"1280","height":"680"},"cmsmasters_single_title_box_alignment":"center","cmsmasters_single_meta_second_elements":["date","author"],"cmsmasters_single_title_box_padding":{"unit":"px","top":"0","right":"30","bottom":"0","left":"30","isLinked":false},"cmsmasters_single_meta_first_box_toggle":"yes","cmsmasters_single_title_box_padding_mobile":{"unit":"px","top":"0","right":"20","bottom":"0","left":"20","isLinked":false},"cmsmasters_single_meta_first_box_padding_mobile":{"unit":"px","top":"30","right":"0","bottom":"0","left":"0","isLinked":false},"cmsmasters_archive_compact_media_width":{"unit":"px","size":46,"sizes":[]},"cmsmasters_archive_compact_elements":["title","content","meta_first"],"cmsmasters_archive_post_gap":{"unit":"px","size":50,"sizes":[]},"cmsmasters_archive_meta_first_elements":["author","categories","date"],"cmsmasters_archive_content_box_padding":{"unit":"px","top":"0","right":"0","bottom":"20","left":"0","isLinked":false},"cmsmasters_archive_meta_first_elements_gap":{"unit":"px","size":15,"sizes":[]},"cmsmasters_archive_media_box_padding_mobile":{"unit":"px","top":"0","right":"0","bottom":"20","left":"0","isLinked":false},"cmsmasters_archive_media_box_margin_mobile":{"unit":"px","top":"0","right":"0","bottom":"0","left":"0","isLinked":false},"site_name":"Classic","site_description":"Just another Multibank Sites site","site_favicon":{"url":"https:\/\/multibank.cmsmasters.net\/classic\/wp-content\/uploads\/sites\/8\/2021\/11\/favicon-7.png","id":3251,"alt":"","source":"library"}}